    <label class="tab_page_label" style="margin-left:20px">提携先コード</label>
	<input name='f408' qtype='3141' style='width:49px;' onpropertychange="label4();getDesc()" onblur="u_coalpadding()" value='<%= f408 %>'><input name='f408Lbl' style='width:200' readonly tabindex='-1' value='<%= f408Lbl %>'>
	<label class="tab_page_label">制度番号</label>
	<input name='f407' qtype='3142' master='glDay' master2='f408' style='width:49px;' onblur="u_padding()" onkeyup="clslabel()" value='<%= f407 %>'><input name='f407Lbl' style='width:200' readonly tabindex='-1' value='<%= f407Lbl %>'><br>
	<label class="tab_page_label" style='margin-left:20px;'>優遇幅パターン</label>
	<input name='f408_1' style='width:49px;' qtype='80' onpropertychange='u_pattern1()' value='<%= f500 %>'><input name='f408_1Lbl' style='width:200' readonly tabindex='-1' value='<%= f500Lbl %>'><br>
	
    <input name='f407tmp' type='hidden'>
	<label class="tab_page_label" style="width:fit-content; margin-left:5px;">ポイント別優遇適用可否</label>
	<select name='f403' table="COMCOMB" key="4930" onchange='changeValue2();' value='<%= f403 %>'></select>
	<label class="tab_page_label" style="margin-left:208px;">ポイント優遇金利</label>
	<input name='f31' style='width:84px;' onpropertychange='u_autopadding();changeValue4()' readonly tabindex='-1' value='<%= f53 %>'><br>
	<label class="tab_page_label" style="width:fit-content; margin-left:5px;">変動類型別優遇適用可否</label>
	<select name='f404' table="COMCOMB" key="4930" onchange="changeValue3()" value='<%= f404 %>'></select>
	<label class="tab_page_label" style="margin-left:208px;">変動類型優遇金利</label>
	<input name='f439' style='width:84px;' onpropertychange='u_autopadding();changeValue4()' readonly tabindex='-1'><br>
	<label class="tab_page_label" style="margin-left:21px;">最大優遇幅</label>
	<input name='f406' style='width:84px;' onkeydown='allowFloat()' onkeyup='checkFloat()' onblur='u_autopadding();changeValue4();' value='<%= f406 %>'>
	<label class="tab_page_label" style="margin-left:169px;">適用優遇金利</label>
	<input name='f440' style='width:84px;' onpropertychange='u_autopadding();cal32()' readonly tabindex='-1'><br><br>

	<span style="display:inline-block; overflow:auto; width:99%; height:300px; border:none">
	<table border='0' cellspacing='1' cellpadding='2' bgcolor="black" class="data_table" style='font-size:9pt' width=100%>
		<tr bgcolor='darkgary' align='center'>
			<td class=xTitle nowrap colspan='2' height='20'>変動類型コード</td>
			<td class=xTitle nowrap>期間</td>
			<td class=xTitle nowrap>当初優遇幅</td>
			<td class=xTitle nowrap>期間経過後優遇幅</td>
		</tr>
	<%	for(int i=0 ; i<25; i++) {  %>
		<tr bgcolor='white' align='center'>
			<td width='3%'><input name='f428' class=xInput qtype='3729' onpropertychange= 'u_getDesc(this.value)' mask='01' readonly tabindex='-1'></td>
			<td width='27%'>&nbsp;&nbsp;<input name='f428Lbl' style='border:none' readonly tabindex='-1'></td>
			<td width='10%'><input name=f429 class=xInput mask='01'  readonly tabindex='-1'></td>
			<td width='30%'><input name=f430 class=xInput onkeydown='allowFloat()' onkeyup='checkFloat();insertValue(document.all.f9.value)' iLen='2' fLen='5' onblur='u_autopadding();insertValue(document.all.f9.value)'></td>
			<td width='30%'><input name=f431 class=xInput onkeydown='allowFloat()' onkeyup='checkFloat()' iLen='2' fLen='5' onblur='u_autopadding()'></td>
		</tr>
	<%	} %>
	</table>
	</span>