		<!--商品固定利率-->
		<label class="tab_page_label"><script>w1('PRODFIXRATE')</script></label>
		<input name="p26" style='width:84px; text-align:right' readonly tabindex='-1'>%
		<!--初回段階金利-->
		<label class="tab_page_label"><script>w1('FSTGRADRATE')</script></label>
		<input name="p27" style='width:84px; text-align:right' readonly tabindex='-1'>%
		<!--期間金利-->
		<label class="tab_page_label"><script>w1('TERMRATE')</script></label>
		<input name="p28" style='width:84px; text-align:right' readonly tabindex='-1'>%<br>

		<!--プライムレート-->
		<label class="tab_page_label"><script>w1('PRIMERATE')</script></label>
		<input name="p29" style='width:84px; text-align:right' readonly tabindex='-1'>%
		<!--商品加算利率-->
		<label class="tab_page_label"><script>w1('PLUSRATE')</script></label>
		<input name="p30" style='width:84px; text-align:right' readonly tabindex='-1'>%
		<!--商品減算利率-->
		<label class="tab_page_label"><script>w1('MINUSRATE')</script></label>
		<input name="p31" style='width:84px; text-align:right' readonly tabindex='-1'>%<br>

		<!--初回SPREAD金利-->
		<label class="tab_page_label"><script>w1('FSTSPREADRATE')</script></label>
		<input name="p32" style='width:84px; text-align:right' readonly tabindex='-1'>%
		<!--次期SPREAD利率-->
		<label class="tab_page_label"><script>w1('NEXTSPREADRATE')</script></label>
		<input name="p33" style='width:84px; text-align:right' readonly tabindex='-1'>%
		<!--CAP期間SPREAD-->
		<label class="tab_page_label"><script>w1('CAPTERMSPREADRATE')</script></label>
		<input name="p34" style='width:84px; text-align:right' readonly tabindex='-1'>%<br>

		<!--CAP利率-->
		<label class="tab_page_label"><script>w1('CAP')</script></label>
		<input name="p35" style='width:84px; text-align:right' readonly tabindex='-1'>%
		<!--FLOOR利率-->
		<label class="tab_page_label"><script>w1('FLOOR')</script></label>
		<input name="p36" style='width:84px; text-align:right' readonly tabindex='-1'>%
		<!--商品利率-->
		<label class="tab_page_label"><script>w1('GRPRATE')</script></label>
		<input name="p37" style='width:84px; text-align:right' readonly tabindex='-1'>%<br>

		<!--加算金利-->
		<label class="tab_page_label"><script>w1('CIFCAP')</script></label>
		<input name="p38" style='width:84px; text-align:right' readonly tabindex='-1'>%
		<!--加算金利-->
		<label class="tab_page_label"><script>w1('INCRS')</script></label>
		<input name="p39" style='width:84px; text-align:right' readonly tabindex='-1'>%
		<!--減算金利-->
		<label class="tab_page_label"><script>w1('PDCRS')</script></label>
		<input name="p40" style='width:84px; text-align:right' readonly tabindex='-1'>%<br>

		<!--利子補給率-->
		<label class="tab_page_label"><script>w1('SUPPRATE')</script></label>
		<input name="p41" style='width:84px; text-align:right' readonly tabindex='-1'>%
		<!--保証料率-->
		<label class="tab_page_label"><script>w1('GUARRATE1')</script></label>
		<input name="p42" style='width:84px; text-align:right' readonly tabindex='-1'>%
		<!--団体生命利率-->
		<label class="tab_page_label"><script>w1('CORPLIFERATE')</script></label>
		<input name="p43" style='width:84px; text-align:right' readonly tabindex='-1'>%<br>

		<!--特約加算利率-->
		<label class="tab_page_label"><script>w1('SPECADDRATE')</script></label>
		<input name="p44" style='width:84px; text-align:right' readonly tabindex='-1'>%
		<!--顧客優遇金利-->
		<label class="tab_page_label"><script>w1('CIFALOWRATE')</script></label>
		<input name="p45" style='width:84px; text-align:right' readonly tabindex='-1'>%
		<!--変動類型優遇金利-->
		<label class="tab_page_label"><script>w1('CHPPRVRATE')</script></label>
		<input name="p46" style='width:84px; text-align:right' readonly tabindex='-1'>%<br>

		<!--期間別優遇金利-->
		<label class="tab_page_label"><script>w1('TERMPRIVRATE')</script></label>
		<input name="p47" style='width:84px; text-align:right' readonly tabindex='-1'>%
		<!--最大優遇幅-->
		<label class="tab_page_label"><script>w1('MAXPRIVRATE')</script></label>
		<input name="p48" style='width:84px; text-align:right' readonly tabindex='-1'>%
		<!--貸越利率-->
		<label class="tab_page_label"><script>w1('LONRATE')</script></label>
		<input name="p49" style='width:84px; text-align:right' readonly tabindex='-1'>%<br>

		<!--適用利率-->
		<label class="tab_page_label"><script>w1('CURTRATE')</script></label>
		<input name="p50" style='width:84spx; text-align:right' readonly tabindex='-1'>%