        <label class="tab_page_label" style="margin-left:20px;">提携先コード</label>
		<input name='f408'style='width:49px;' readonly tabindex='-1' value='<%= f408 %>'><input name='f408Lbl' style='width:200' readonly tabindex='-1' value='<%= f408Lbl %>'>
		<label class="tab_page_label">制度番号</label>
		<input name='f407'style='width:49px;' readonly tabindex='-1' value='<%= f407 %>'><input name='f407Lbl' style='width:200' readonly tabindex='-1' value='<%= f407Lbl %>'><br>
		<label class="tab_page_label" style="margin-left:20px;">優遇幅パターン</label>
		<input name='f408_1' style='width:49px;' qtype='80' pop='no' f3ESC='Y' readonly tabindex='-1' value='<%= f500 %>'><input name='f408_1Lbl' style='width:200' readonly tabindex='-1' value='<%= f500Lbl %>'><br>

		<label class="tab_page_label" style="width:fit-content; margin-left:5px;">ポイント別優遇適用可否</label>
		<select name='f403' table="COMCOMB" key="4930" disabled></select>
		<label class="tab_page_label" style="margin-left:208px;">ポイント優遇金利</label>
		<input name='f31' style='width:84px;' readonly tabindex=-1 onpropertychange="u_autopadding()" value='<%= f53 %>'><br>
		<label class="tab_page_label">変動類型別優遇適用可否</label>
		<select name='f404' table="COMCOMB" key="4930" disabled></select>
		<label class="tab_page_label" style="margin-left:208px;">変動類型優遇金利</label>
		<input name='f439' style='width:84px;' onpropertychange="u_autopadding()" readonly tabindex=-1 value='<%= f439 %>'><br>
		<label class="tab_page_label" style="margin-left:21px;">最大優遇幅</label>
		<input name='f406'  style='width:84px;' readonly tabindex=-1 value='<%= f406 %>'>
		<label class="tab_page_label" style="margin-left:169px;">適用優遇金利</label>
		<input name='f440' style='width:84px;' readonly tabindex=-1 onpropertychange="u_autopadding()" value='<%= f440 %>'><br><br>

		<span style="display:inline-block; overflow:auto; width:100%; height:300px; border:none">
		<table border='0' cellspacing='1' cellpadding='2' bgcolor="black" class="data_table" style='font-size:9pt' width=100%>
			<tr bgcolor='darkgary' align='center'>
				<td class=xTitle nowrap colspan='2' height='20'>変動類型コード</td>
				<td class=xTitle nowrap>期間</td>
				<td class=xTitle nowrap>当初優遇幅</td>
				<td class=xTitle nowrap>期間経過後優遇幅</td>
			</tr>
		<%	for (int i = 0; i < outCnt6; i++) { %>
			<tr bgcolor='white'>
				<td align='center' width='5%'><input name='f428' class=xInput mask='01' value='<%= f428[i] %>' readonly tabindex='-1'></td>
				<td align='left' width='25%'>&nbsp;&nbsp;
					<script>
						/*  // origin
						node = top.LNPCODE.selectSingleNode("/table/record[@CODE_KIND = '729' and @CODE_5='"+'<%= f428[i] %>'+
															"' and @CODE_5 > 0 and (@STA=1 or @STA=2)]");
						*/
						var node_root = "/table/record[@CODE_KIND = '729' and @CODE_5='"+'<%= f428[i] %>'+
															"' and @CODE_5 > 0 and (@STA=1 or @STA=2)]";
						var node_xpath = document.evaluate(node_root, top.LNPCODE, null, XPathResult.FIRST_ORDERED_NODE_TYPE, null);
						node = node_xpath.singleNodeValue;
						
						document.write((node)? node.getAttribute("CODE_NAME"):"");
					</script>
				</td>
				<td align='center' width='10%'><input name=f429 class=xInput mask='01' value='<%= f429[i] %>' readonly tabindex='-1'></td>
				<td align='center' width='30%'><input name=f430 class=xInput iLen='2' fLen='5' value='<%= f430[i] %>' readonly tabindex=-1></td>
				<td align='center' width='30%'><input name=f431 class=xInput iLen='2' fLen='5' value='<%= f431[i] %>' readonly tabindex=-1></td>
			</tr>
		<%	} %>
		</table>
		</span>